Europe/Budapest_(+01:00),2022-01-25_17:20:34,
2022-01-25 17:20:34,2022-01-25 17:22:34,
2022-01-25 17:21:34,2022-01-25 17:23:34,
2022-01-25 17:22:34,2022-01-25 17:24:34,
2022-01-25 17:23:34,2022-01-25 17:25:34,
2022-01-25 17:24:34,2022-01-25 17:26:34,
2022-01-25 17:25:34,2022-01-25 17:27:34,
2022-01-25 17:26:34,2022-01-25 17:28:34,
2022-01-25 17:27:34,2022-01-25 17:29:34,
2022-01-25 17:28:34,2022-01-25 17:29:45,
2022-01-25 17:29:34,2022-01-25 17:30:34,
2022-01-25 17:29:45,2022-01-25 17:31:34,
2022-01-25 17:30:34,2022-01-25 17:32:34,
2022-01-25 17:31:34,2022-01-25 17:33:34,
2022-01-25 17:32:34,2022-01-25 17:33:37,
2022-01-25 17:33:34,2022-01-25 17:34:34,
2022-01-25 17:33:37,
2022-01-25 17:34:34,
2022-01-25 17:34:42,
